#Age 0,Age 1,Age 2,Age 3,Age 4,Age 5,Age 6,Age 7,Age 8,Age 9,Age 10,Age 11,Age 12,Age 13,Age 14,Age 15,Age 16,Age 17,Age 18,Age 19,Age 20,Age 21,Age 22,Age 23,Age 24,Age 25,Age 26,Age 27,Age 28,Age 29,Age 30,Age 31,Age 32,Age 33,Age 34,Age 35,Age 36,Age 37,Age 38,Age 39,Age 40,Age 41,Age 42,Age 43,Age 44,Age 45,Age 46,Age 47,Age 48,Age 49,Age 50,Age 51,Age 52,Age 53,Age 54,Age 55,Age 56,Age 57,Age 58,Age 59,Age 60
0.5,1.5,2.5,3.5,4.5,5.5,6.5,7.5,8.5,9.5,10.5,11.5,12.5,13.5,14.5,15.5,16.5,17.5,18.5,19.5,20.5,21.5,22.5,23.5,24.5,25.5,26.5,27.5,28.5,29.5,30.5,31.5,32.5,33.5,34.5,35.5,36.5,37.5,38.5,39.5,40.5,41.5,42.5,43.5,44.5,45.5,46.5,47.5,48.5,49.5,50.5,51.5,52.5,53.5,54.5,55.5,56.5,57.5,58.5,59.5,60.5
0.053932,0.053932,0.107864,0.161796,0.215728,0.26966,0.323592,0.377524,0.431456,0.485388,0.53932,0.593252,0.647184,0.701116,0.755048,0.80898,0.862912,0.916844,0.970776,1.02471,1.07864,1.13257,1.1865,1.24044,1.29437,1.3483,1.40223,1.45616,1.5101,1.56403,1.61796,1.67189,1.72582,1.77976,1.83369,1.88762,1.94155,1.99548,2.04942,2.10335,2.15728,2.21121,2.26514,2.31907,2.37301,2.42694,2.48087,2.5348,2.58873,2.64267,2.6966,2.75053,2.80446,2.85839,2.91233,2.96626,3.02019,3.07412,3.12805,3.18199,3.23592
