"YEAR","tot_mt"
1980,4.670208819
1981,4.8878490594
1982,5.04196880056
1983,39.9962710928
1984,10.39596067845
1985,12.25180139587
1986,13.17599492325
1987,5.51075972833
1988,1.8401217554
1989,9.71303874698
1993,35.756111503519
1994,4.03658572899
1995,3.0324534879
1996,3.55627461029
1997,3.34669986483
1998,2.67890558156
1999,5.33580037984
2000,6.79869427431
2001,3.60210831888
2002,1.17429426926
2003,11.88384999993
